sweep,value,decoder,cer,word_accuracy,trials
jitter,0.0,Textbook,0.0,1.0,100
jitter,0.0,Adaptive (no setup),0.0,1.0,100
jitter,0.0,Adaptive + calibration,0.0,1.0,100
jitter,0.0,"Adaptive, no repair",0.0,1.0,100
jitter,0.1,Textbook,0.0,1.0,100
jitter,0.1,Adaptive (no setup),0.0034444444444444444,0.96,100
jitter,0.1,Adaptive + calibration,0.0,1.0,100
jitter,0.1,"Adaptive, no repair",0.0,1.0,100
jitter,0.2,Textbook,0.06563459103463862,0.7305,100
jitter,0.2,Adaptive (no setup),0.06364685017923584,0.701,100
jitter,0.2,Adaptive + calibration,0.0574959259400763,0.776,100
jitter,0.2,"Adaptive, no repair",0.05999325214328485,0.776,100
jitter,0.3,Textbook,0.2759800659533307,0.32911111111111113,100
jitter,0.3,Adaptive (no setup),0.36317044410350185,0.26275,100
jitter,0.3,Adaptive + calibration,0.3354949147054958,0.3263611111111111,100
jitter,0.3,"Adaptive, no repair",0.34492942076790883,0.31927777777777777,100
jitter,0.4,Textbook,0.45811939380365596,0.15608333333333332,100
jitter,0.4,Adaptive (no setup),0.5840984898742884,0.13494444444444445,100
jitter,0.4,Adaptive + calibration,0.5469179046995023,0.17127777777777778,100
jitter,0.4,"Adaptive, no repair",0.559450129365998,0.16427777777777777,100
jitter,0.5,Textbook,0.6205167128482718,0.083,100
jitter,0.5,Adaptive (no setup),0.8739881956369793,0.10011111111111111,100
jitter,0.5,Adaptive + calibration,0.7125773399825919,0.09244444444444444,100
jitter,0.5,"Adaptive, no repair",0.7170234674555735,0.09244444444444444,100
drift,0.0,Textbook,0.01320841233087709,0.9370555555555555,100
drift,0.0,Adaptive (no setup),0.017219406026014007,0.8861666666666667,100
drift,0.0,Adaptive + calibration,0.006736459305215625,0.9614166666666667,100
drift,0.0,"Adaptive, no repair",0.006736459305215625,0.9614166666666667,100
drift,0.25,Textbook,0.010647722655425029,0.9425,100
drift,0.25,Adaptive (no setup),0.016386072692680675,0.8861666666666667,100
drift,0.25,Adaptive + calibration,0.008367036173644156,0.9605833333333333,100
drift,0.25,"Adaptive, no repair",0.008367036173644156,0.9605833333333333,100
drift,0.5,Textbook,0.04331081040201958,0.8254722222222223,100
drift,0.5,Adaptive (no setup),0.018118630832215557,0.8746111111111111,100
drift,0.5,Adaptive + calibration,0.009955271467761803,0.9485833333333333,100
drift,0.5,"Adaptive, no repair",0.009955271467761803,0.9485833333333333,100
drift,1.0,Textbook,0.4835485212494967,0.48480555555555555,100
drift,1.0,Adaptive (no setup),0.022895397959693444,0.8524444444444444,100
drift,1.0,Adaptive + calibration,0.016364158109712146,0.8845277777777778,100
drift,1.0,"Adaptive, no repair",0.016364158109712146,0.8845277777777778,100
drift,1.5,Textbook,1.0383675277516948,0.36630555555555555,100
drift,1.5,Adaptive (no setup),0.031459611523907006,0.8141111111111111,100
drift,1.5,Adaptive + calibration,0.034081348646001,0.8187777777777778,100
drift,1.5,"Adaptive, no repair",0.037414681979334334,0.8087777777777778,100
drift,2.0,Textbook,1.3902991970360377,0.2756111111111111,100
drift,2.0,Adaptive (no setup),0.05296394052823601,0.7582777777777778,100
drift,2.0,Adaptive + calibration,0.046457163622541604,0.7348333333333333,100
drift,2.0,"Adaptive, no repair",0.05512383028920827,0.7115,100
dash_ratio,1.8,Textbook,0.5220479977736863,0.119,100
dash_ratio,1.8,Adaptive (no setup),0.20315734896889362,0.4963888888888889,100
dash_ratio,1.8,Adaptive + calibration,0.06767012293402587,0.7571111111111111,100
dash_ratio,1.8,"Adaptive, no repair",0.07305091784970451,0.7398888888888889,100
dash_ratio,2.0,Textbook,0.39330288260217483,0.18327777777777776,100
dash_ratio,2.0,Adaptive (no setup),0.07571655114184704,0.7255555555555555,100
dash_ratio,2.0,Adaptive + calibration,0.03286305511666839,0.8724166666666666,100
dash_ratio,2.0,"Adaptive, no repair",0.035105759972232344,0.8665833333333334,100
dash_ratio,2.5,Textbook,0.06581727718345216,0.7600833333333333,100
dash_ratio,2.5,Adaptive (no setup),0.017066822849163894,0.9113888888888889,100
dash_ratio,2.5,Adaptive + calibration,0.013901321683662728,0.9458055555555556,100
dash_ratio,2.5,"Adaptive, no repair",0.015398647886871286,0.9424722222222223,100
dash_ratio,3.0,Textbook,0.01320841233087709,0.9370555555555555,100
dash_ratio,3.0,Adaptive (no setup),0.017219406026014007,0.8861666666666667,100
dash_ratio,3.0,Adaptive + calibration,0.006736459305215625,0.9614166666666667,100
dash_ratio,3.0,"Adaptive, no repair",0.006736459305215625,0.9614166666666667,100
dash_ratio,3.5,Textbook,0.006099792354595185,0.9666944444444444,100
dash_ratio,3.5,Adaptive (no setup),0.013053967041833574,0.8968611111111111,100
dash_ratio,3.5,Adaptive + calibration,0.004201597189463721,0.9712777777777778,100
dash_ratio,3.5,"Adaptive, no repair",0.004201597189463721,0.9712777777777778,100
dash_ratio,4.0,Textbook,0.006099792354595185,0.9666944444444444,100
dash_ratio,4.0,Adaptive (no setup),0.013053967041833574,0.8968611111111111,100
dash_ratio,4.0,Adaptive + calibration,0.0047898324835813685,0.9612777777777778,100
dash_ratio,4.0,"Adaptive, no repair",0.0047898324835813685,0.9612777777777778,100
gap_scale,1.0,Textbook,0.01320841233087709,0.9370555555555555,100
gap_scale,1.0,Adaptive (no setup),0.017219406026014007,0.8861666666666667,100
gap_scale,1.0,Adaptive + calibration,0.006736459305215625,0.9614166666666667,100
gap_scale,1.0,"Adaptive, no repair",0.006736459305215625,0.9614166666666667,100
gap_scale,1.25,Textbook,0.025271183847642542,0.81325,100
gap_scale,1.25,Adaptive (no setup),0.017219406026014007,0.8861666666666667,100
gap_scale,1.25,Adaptive + calibration,0.006736459305215625,0.9614166666666667,100
gap_scale,1.25,"Adaptive, no repair",0.006736459305215625,0.9614166666666667,100
gap_scale,1.5,Textbook,0.15764387733640692,0.4344444444444444,100
gap_scale,1.5,Adaptive (no setup),0.017219406026014007,0.8861666666666667,100
gap_scale,1.5,Adaptive + calibration,0.006736459305215625,0.9614166666666667,100
gap_scale,1.5,"Adaptive, no repair",0.006736459305215625,0.9614166666666667,100
gap_scale,2.0,Textbook,1.4568444841075245,0.035666666666666666,100
gap_scale,2.0,Adaptive (no setup),0.017219406026014007,0.8861666666666667,100
gap_scale,2.0,Adaptive + calibration,0.006736459305215625,0.9614166666666667,100
gap_scale,2.0,"Adaptive, no repair",0.006736459305215625,0.9614166666666667,100
gap_scale,2.5,Textbook,2.416855911461009,0.0,100
gap_scale,2.5,Adaptive (no setup),0.017219406026014007,0.8861666666666667,100
gap_scale,2.5,Adaptive + calibration,0.006736459305215625,0.9614166666666667,100
gap_scale,2.5,"Adaptive, no repair",0.006736459305215625,0.9614166666666667,100
gap_scale,3.0,Textbook,2.5415655197977807,0.0,100
gap_scale,3.0,Adaptive (no setup),0.017219406026014007,0.8861666666666667,100
gap_scale,3.0,Adaptive + calibration,0.006736459305215625,0.9614166666666667,100
gap_scale,3.0,"Adaptive, no repair",0.006736459305215625,0.9614166666666667,100
speed,4,Textbook,2.4802251928236583,0.0,100
speed,4,Adaptive (no setup),0.017219406026014007,0.8861666666666667,100
speed,4,Adaptive + calibration,0.006736459305215625,0.9614166666666667,100
speed,4,"Adaptive, no repair",0.006736459305215625,0.9614166666666667,100
speed,6,Textbook,0.5865635723476085,0.1071111111111111,100
speed,6,Adaptive (no setup),0.017219406026014007,0.8861666666666667,100
speed,6,Adaptive + calibration,0.006736459305215625,0.9614166666666667,100
speed,6,"Adaptive, no repair",0.006736459305215625,0.9614166666666667,100
speed,8,Textbook,0.018162563871360636,0.8361388888888889,100
speed,8,Adaptive (no setup),0.017219406026014007,0.8861666666666667,100
speed,8,Adaptive + calibration,0.006736459305215625,0.9614166666666667,100
speed,8,"Adaptive, no repair",0.006736459305215625,0.9614166666666667,100
speed,10,Textbook,0.01320841233087709,0.9370555555555555,100
speed,10,Adaptive (no setup),0.017219406026014007,0.8861666666666667,100
speed,10,Adaptive + calibration,0.006736459305215625,0.9614166666666667,100
speed,10,"Adaptive, no repair",0.006736459305215625,0.9614166666666667,100
speed,15,Textbook,0.8071597126216171,0.017833333333333333,100
speed,15,Adaptive (no setup),0.017219406026014007,0.8861666666666667,100
speed,15,Adaptive + calibration,0.006736459305215625,0.9614166666666667,100
speed,15,"Adaptive, no repair",0.006736459305215625,0.9614166666666667,100
speed,20,Textbook,0.972522533022533,0.026666666666666665,100
speed,20,Adaptive (no setup),0.017219406026014007,0.8861666666666667,100
speed,20,Adaptive + calibration,0.006736459305215625,0.9614166666666667,100
speed,20,"Adaptive, no repair",0.006736459305215625,0.9614166666666667,100
